{"data":{"Value":[77.76327083,77.77899366,78.20593126,77.57799979,77.22714751,77.23573714,77.99573577,77.7456984,76.22072301,75.3866726,77.28504915,77.26711521,76.73790646,74.58281665,76.22321817,75.94990361,75.39741128,78.27571373,77.79410468,78.13375489,76.94136927,76.82339074,77.07599336,77.31339607,77.46696477,76.1628545,75.44307941,76.57076858,76.92322967,75.74248169,74.14622447,75.42398012,75.47179101,75.57497762,68.19182149,77.47573857,79.57735849,90.53179014,84.9338777,80.14338905,92.3886219,83.03195808,77.20667826,74.53693716,90.98732879,83.61606399,98.37785521,82.72593612,92.61649714,84.9790042,72.51768724],"Year":[2000,2001,2002,2003,2004,2005,2006,2007,2008,2009,2010,2011,2012,2013,2014,2015,2016,2000,2001,2002,2003,2004,2005,2006,2007,2008,2009,2010,2011,2012,2013,2014,2015,2016,2000,2001,2002,2003,2004,2005,2006,2007,2008,2009,2010,2011,2012,2013,2014,2015,2016],"Branch of government":[null,null,null,null,null,null,null,null,null,null,null,null,null,null,null,null,null,"Central government","Central government","Central government","Central government","Central government","Central government","Central government","Central government","Central government","Central government","Central government","Central government","Central government","Central government","Central government","Central government","Central government","Local government","Local government","Local government","Local government","Local government","Local government","Local government","Local government","Local government","Local government","Local government","Local government","Local government","Local government","Local government","Local government","Local government"]},"edges":[]}