{"data":{"Value":[39.41976692,51.38989338,34.42850523,47.06639344,33.54963619,39.67783836,39.97799894,57.0863881,33.16391435,40.25334059,39.9719054,39.93011882,44.84431815,59.52330305,39.14375724,39.63666408,43.83864158,48.35003751,44.62999342,60.53265029,38.74657616,41.77650187,45.96778219,44.53133416,42.55962611,58.19922807,36.80738752,44.28175443,47.40722493,36.78841873,42.47445527,59.35029822,36.74949289,39.79307861,47.83748729,38.24627414,42.338337,62.24291455,35.60079718,47.50564433,39.04148765,43.28745953,45.10865603,58.10850045,39.88331674,41.16543573,44.81408873,46.81255195,40.37652762,56.58010541,34.53833503,38.63262582,40.64145697,40.95436314,42.17046781,64.81993091,33.54281684,38.56534003,46.20435116,39.39568768,44.06647183,55.75204248,39.49085357,50.80545741,44.97788641,38.65986886,49.5891214,58.69323229,46.8079177,51.67726468,50.52320144,48.01527221,49.40981797,64.91906903,44.39886444,46.84737738,47.20901444,51.67904536,52.02244501,65.29026642,47.75566398,50.3387019,48.29472051,57.31256024,43.00751117,51.4164642,40.33116759,41.99647737,43.65903136,42.72533273],"Year":[2002,2002,2002,2002,2002,2002,2003,2003,2003,2003,2003,2003,2004,2004,2004,2004,2004,2004,2005,2005,2005,2005,2005,2005,2006,2006,2006,2006,2006,2006,2007,2007,2007,2007,2007,2007,2008,2008,2008,2008,2008,2008,2009,2009,2009,2009,2009,2009,2010,2010,2010,2010,2010,2010,2011,2011,2011,2011,2011,2011,2012,2012,2012,2012,2012,2012,2013,2013,2013,2013,2013,2013,2014,2014,2014,2014,2014,2014,2015,2015,2015,2015,2015,2015,2016,2016,2016,2016,2016,2016],"Offence group":[null,"Wounding","Minor or no injury","Domestic violence","Acquaintance","Stranger",null,"Wounding","Minor or no injury","Domestic violence","Acquaintance","Stranger",null,"Wounding","Minor or no injury","Domestic violence","Acquaintance","Stranger",null,"Wounding","Minor or no injury","Domestic violence","Acquaintance","Stranger",null,"Wounding","Minor or no injury","Domestic violence","Acquaintance","Stranger",null,"Wounding","Minor or no injury","Domestic violence","Acquaintance","Stranger",null,"Wounding","Minor or no injury","Domestic violence","Acquaintance","Stranger",null,"Wounding","Minor or no injury","Domestic violence","Acquaintance","Stranger",null,"Wounding","Minor or no injury","Domestic violence","Acquaintance","Stranger",null,"Wounding","Minor or no injury","Domestic violence","Acquaintance","Stranger",null,"Wounding","Minor or no injury","Domestic violence","Acquaintance","Stranger",null,"Wounding","Minor or no injury","Domestic violence","Acquaintance","Stranger",null,"Wounding","Minor or no injury","Domestic violence","Acquaintance","Stranger",null,"Wounding","Minor or no injury","Domestic violence","Acquaintance","Stranger",null,"Wounding","Minor or no injury","Domestic violence","Acquaintance","Stranger"]},"edges":[]}