{"data":{"Sex":[null,null,null,null,null,null,null,null,null,null,null,null,null,null,null,"Male","Male","Male","Male","Male","Male","Male","Male","Male","Male","Male","Male","Male","Male","Male","Female","Female","Female","Female","Female","Female","Female","Female","Female","Female","Female","Female","Female","Female","Female"],"Value":[86.84202157,86.86847029,86.97294279,86.27084772,85.82851145,86.18452099,86.07275794,84.73818316,84.66307255,83.87858239,84.4369121,85.23277936,86.68427409,87.71314213,88.19446131,88.92080974,89.27136479,89.29179562,88.22436442,87.67213896,88.18489897,88.12380151,86.20830904,86.25415907,84.9651789,85.43879387,86.32990053,87.9827286,88.92963862,88.6102435,84.74498203,84.446187,84.63633198,84.31159979,83.97787534,84.16920515,84.0153676,83.26533304,83.05633834,82.77350332,83.41151192,84.10514038,85.34442014,86.4545825,87.76240871],"Year":[2002,2003,2004,2005,2006,2007,2008,2009,2010,2011,2012,2013,2014,2015,2016,2002,2003,2004,2005,2006,2007,2008,2009,2010,2011,2012,2013,2014,2015,2016,2002,2003,2004,2005,2006,2007,2008,2009,2010,2011,2012,2013,2014,2015,2016]},"edges":[]}