{"data":{"Sex":[null,null,null,null,null,null,null,null,null,null,null,null,null,null,null,null,null,"Male","Male","Male","Male","Male","Male","Male","Male","Male","Male","Male","Male","Male","Male","Male","Male","Male","Female","Female","Female","Female","Female","Female","Female","Female","Female","Female","Female","Female","Female","Female","Female","Female","Female"],"Value":[14.76158147,14.16937016,13.64270077,12.58239901,11.80914252,11.45370155,11.1877553,11.04683379,10.3650716,9.643339129,9.82026409,9.747251739,9.779016229,9.735606581,9.786219689,9.572012907,9.439115047,20.38259409,19.6301621,19.0818181,17.6974896,16.73876362,16.25347315,15.86106496,15.52877427,14.578543,13.67196543,14.10369667,13.90716547,13.83284314,13.8942507,13.75524352,13.55032853,13.37609178,8.095087484,7.700035214,7.242313348,6.550910867,6.017601611,5.842116841,5.736998203,5.789819324,5.451353146,5.048395123,4.931182227,4.996855492,5.134232079,4.999713358,5.27451641,5.043131225,4.960321397],"Year":[2000,2001,2002,2003,2004,2005,2006,2007,2008,2009,2010,2011,2012,2013,2014,2015,2016,2000,2001,2002,2003,2004,2005,2006,2007,2008,2009,2010,2011,2012,2013,2014,2015,2016,2000,2001,2002,2003,2004,2005,2006,2007,2008,2009,2010,2011,2012,2013,2014,2015,2016]},"edges":[]}