{"data":{"Status class":[null,"High","Good",null,"High","Good",null,"High","Good",null,"High","Good",null,"High","Good",null,"High","Good",null,"High","Good",null,"High","Good",null,"High","Good",null,"High","Good",null,"High","Good",null,"High","Good",null,"High","Good",null,"High","Good",null,"High","Good",null,"High","Good",null,"High","Good",null,"High","Good",null,"High","Good",null,"High","Good",null,"High","Good",null,"High","Good",null,"High","Good",null,"High","Good",null,"High","Good",null,"High","Good",null,"High","Good",null,"High","Good",null,"High","Good",null,"High","Good",null,"High","Good",null,"High","Good"],"Value":[32.24476148,2.240303165,30.00445831,42.98724954,5.646630237,37.34061931,70.07874016,23.35958005,46.7191601,35.99519941,4.07127031,31.9239291,32.20262833,2.055486915,30.14714141,43.15693431,5.291970803,37.8649635,72.70341207,23.49081365,49.21259843,36.18622805,3.902982994,32.28324505,32.73195876,2.185118781,30.54683998,43.15693431,5.018248175,38.13868613,73.49081365,19.68503937,53.80577428,36.6722315,3.709886848,32.96234465,33.03187882,2.102645263,30.92923355,37.8649635,5.748175182,32.11678832,74.54068241,19.94750656,54.59317585,36.48168909,3.746263079,32.73542601,33.20606401,2.358225716,30.84783829,37.55697356,6.289881495,31.26709207,74.77003942,21.68199737,53.08804205,36.58831181,4.125243891,32.46306792,31.65777828,2.643821627,29.01395665,38.01276208,6.381039198,31.63172288,74.77003942,17.08278581,57.68725361,34.72543754,3.935549588,30.78988795,30.9361369,2.516497036,28.41963986,37.83044667,6.381039198,31.44940747,74.77003942,17.08278581,57.68725361,35.16716447,4.316408132,30.85075633,34.94675702,4.861783371,30.08497365,31.60358433,2.40738264,29.19620169,30.80524345,9.925093633,20.88014981,74.86702128,22.34042553,52.52659574],"Year":[2008,2008,2008,2008,2008,2008,2008,2008,2008,2009,2009,2009,2009,2009,2009,2009,2009,2009,2009,2009,2009,2010,2010,2010,2010,2010,2010,2010,2010,2010,2010,2010,2010,2011,2011,2011,2011,2011,2011,2011,2011,2011,2011,2011,2011,2012,2012,2012,2012,2012,2012,2012,2012,2012,2012,2012,2012,2013,2013,2013,2013,2013,2013,2013,2013,2013,2013,2013,2013,2014,2014,2014,2014,2014,2014,2014,2014,2014,2014,2014,2014,2015,2015,2015,2016,2016,2016,2016,2016,2016,2016,2016,2016,2016,2016,2016],"Water body type":["Rivers and canals","Rivers and canals","Rivers and canals","Lakes","Lakes","Lakes","Estuaries and Coastal","Estuaries and Coastal","Estuaries and Coastal",null,null,null,"Rivers and canals","Rivers and canals","Rivers and canals","Lakes","Lakes","Lakes","Estuaries and Coastal","Estuaries and Coastal","Estuaries and Coastal",null,null,null,"Rivers and canals","Rivers and canals","Rivers and canals","Lakes","Lakes","Lakes","Estuaries and Coastal","Estuaries and Coastal","Estuaries and Coastal",null,null,null,"Rivers and canals","Rivers and canals","Rivers and canals","Lakes","Lakes","Lakes","Estuaries and Coastal","Estuaries and Coastal","Estuaries and Coastal",null,null,null,"Rivers and canals","Rivers and canals","Rivers and canals","Lakes","Lakes","Lakes","Estuaries and Coastal","Estuaries and Coastal","Estuaries and Coastal",null,null,null,"Rivers and canals","Rivers and canals","Rivers and canals","Lakes","Lakes","Lakes","Estuaries and Coastal","Estuaries and Coastal","Estuaries and Coastal",null,null,null,"Rivers and canals","Rivers and canals","Rivers and canals","Lakes","Lakes","Lakes","Estuaries and Coastal","Estuaries and Coastal","Estuaries and Coastal",null,null,null,null,null,null,"Rivers and canals","Rivers and canals","Rivers and canals","Lakes","Lakes","Lakes","Estuaries and Coastal","Estuaries and Coastal","Estuaries and Coastal"]},"edges":[]}