{"data":{"Value":[1.549292728,1.583432331,1.594323645,1.67045529,1.670578308,1.670608898,1.729188434,1.779362388,2.047417518,2.208547336,4.047738918,5.2932187,7.753334452,8.656673812,14.66926213,14.68379914,16.7484321,20.65510873],"Year":[2000,2001,2002,2003,2004,2005,2006,2007,2008,2009,2010,2011,2012,2013,2014,2015,2016,2017]},"edges":[]}