{"data":{"Value":[11.55203706,11.69925463,11.9872902,12.29905061,12.20306031,11.84841754,11.43074123,11.06595818,10.87940974,10.42263514,10.06606787,9.624826902,9.52704413,9.375210092,9.238840912,9.109327827],"Year":[2000,2001,2002,2003,2004,2005,2006,2007,2008,2009,2010,2011,2012,2013,2014,2015]},"edges":[]}