{"data":{"Value":[3.513562623,3.467934295,3.276302646,2.887483714,2.76895567,2.9033342,2.890159156,2.524498892,2.215975078,2.401201404,2.805949697,2.649912855,2.163095518,2.341445456,2.45522998,2.150207341,2.464656251],"Year":[2000,2001,2002,2003,2004,2005,2006,2007,2008,2009,2010,2011,2012,2013,2014,2015,2016]},"edges":[]}