{"data":{"Value":[15458.77,12554.13743,8557.199422,21928.57705,16571.75442,17590.2991,71034.01759,15458.77,12554.13743,8557.199422,21928.57705,16571.75442,17590.2991,70058.95959,0.0,0.0,0.0,0.0,0.0,0.0,975.058],"Year":[2009,2010,2011,2012,2013,2014,2015,2009,2010,2011,2012,2013,2014,2015,2009,2010,2011,2012,2013,2014,2015],"Type of aid":[null,null,null,null,null,null,null,"Scholarships or training in donor country (E01)","Scholarships or training in donor country (E01)","Scholarships or training in donor country (E01)","Scholarships or training in donor country (E01)","Scholarships or training in donor country (E01)","Scholarships or training in donor country (E01)","Scholarships or training in donor country (E01)","Imputed student costs (E02)","Imputed student costs (E02)","Imputed student costs (E02)","Imputed student costs (E02)","Imputed student costs (E02)","Imputed student costs (E02)","Imputed student costs (E02)"]},"edges":[]}