{"data":{"Sex":[null,"Female","Male",null,"Female","Male",null,"Female","Male",null,"Female","Male",null,"Female","Male",null,"Female","Male",null,"Female","Male",null,"Female","Male",null,"Female","Male",null,"Female","Male",null,null,null,null,null,null,null,null,null,null,null,null,null,null,null,"Male","Female",null,"Male","Female",null,"Male","Female",null,"Male","Female",null,"Male","Female",null,"Male","Female",null,"Male","Female",null,"Male","Female",null,"Male","Female",null,"Male","Female",null,"Male","Female",null,"Male","Female",null,"Male","Female",null,"Male","Female",null,"Male","Female",null,"Male","Female",null,"Male","Female",null,"Male","Female",null,"Male","Female",null,"Male","Female",null,null,null,null,null,null,null,null,null,"Male","Female",null,"Male","Female",null,"Male","Female",null,"Male","Female",null,"Male","Female",null,"Male","Female",null,"Male","Female",null,"Male","Female",null,"Male","Female",null,"Male","Female",null,"Female","Male",null,"Female","Male",null,"Female","Male",null,"Female","Male",null,"Female","Male",null,"Female","Male",null,"Female","Male",null,"Female","Male",null,"Female","Male",null,"Female","Male",null,"Female","Male",null,"Female","Male",null,"Female","Male",null,"Female","Male",null,"Male","Female",null,"Male","Female",null,"Male","Female"],"Value":[87.0,90.0,84.0,91.0,92.0,89.0,89.0,92.0,86.0,91.0,93.0,90.0,90.0,93.0,87.0,92.0,93.0,91.0,90.0,93.0,88.0,93.0,94.0,91.0,74.0,78.0,70.0,73.0,74.0,72.0,83.0,72.0,82.0,71.0,80.0,73.0,81.0,73.0,83.0,74.0,84.0,75.0,83.0,76.0,84.0,81.0,87.0,77.0,78.0,76.0,87.0,83.0,90.0,79.0,79.0,78.0,86.0,82.0,89.0,79.0,79.0,78.0,83.0,80.0,87.0,79.0,79.0,79.0,84.0,80.0,88.0,80.0,80.0,80.0,87.0,84.0,90.0,84.0,84.0,84.0,86.0,83.0,88.0,85.0,84.0,85.0,89.0,87.0,91.0,86.0,86.0,86.0,89.0,87.0,91.0,87.0,87.0,87.0,66.0,62.0,70.0,70.0,70.0,70.0,64.0,65.0,65.0,66.0,67.0,67.0,69.0,71.0,71.0,64.0,78.0,73.0,72.0,74.0,74.0,67.0,81.0,74.0,73.0,74.0,73.0,59.0,74.0,77.0,76.0,77.0,74.0,65.0,78.0,76.0,75.0,76.0,74.0,62.0,76.0,77.0,76.0,77.0,99.0,99.2,98.7,98.2,98.3,98.2,99.1,99.3,98.9,98.3,98.4,98.3,99.4,99.5,99.2,98.5,98.6,98.4,99.4,99.6,99.2,98.2,98.3,98.1,99.1,99.3,98.8,94.8,95.1,94.5,99.3,99.6,99.1,95.9,96.1,95.6,99.3,99.6,99.1,96.4,96.8,96.0,98.4,97.7,99.1,97.6,97.3,97.9,96.26431387,95.79456643,96.74365771],"Key Stage":[1,1,1,1,1,1,1,1,1,1,1,1,1,1,1,1,1,1,1,1,1,1,1,1,1,1,1,1,1,1,2,2,2,2,2,2,2,2,2,2,2,2,2,2,2,2,2,2,2,2,2,2,2,2,2,2,2,2,2,2,2,2,2,2,2,2,2,2,2,2,2,2,2,2,2,2,2,2,2,2,2,2,2,2,2,2,2,2,2,2,2,2,2,2,2,2,2,2,2,2,2,2,2,2,3,3,3,3,3,3,3,3,3,3,3,3,3,3,3,3,3,3,3,3,3,3,3,3,3,3,3,3,3,3,3,3,3,3,3,3,3,3,4,4,4,4,4,4,4,4,4,4,4,4,4,4,4,4,4,4,4,4,4,4,4,4,4,4,4,4,4,4,4,4,4,4,4,4,4,4,4,4,4,4,4,4,4,4,4,4,4,4,4],"Units":["Percentage (%) with English proficiency","Percentage (%) with English proficiency","Percentage (%) with English proficiency","Percentage (%) with Maths proficiency","Percentage (%) with Maths proficiency","Percentage (%) with Maths proficiency","Percentage (%) with English proficiency","Percentage (%) with English proficiency","Percentage (%) with English proficiency","Percentage (%) with Maths proficiency","Percentage (%) with Maths proficiency","Percentage (%) with Maths proficiency","Percentage (%) with English proficiency","Percentage (%) with English proficiency","Percentage (%) with English proficiency","Percentage (%) with Maths proficiency","Percentage (%) with Maths proficiency","Percentage (%) with Maths proficiency","Percentage (%) with English proficiency","Percentage (%) with English proficiency","Percentage (%) with English proficiency","Percentage (%) with Maths proficiency","Percentage (%) with Maths proficiency","Percentage (%) with Maths proficiency","Percentage (%) with English proficiency","Percentage (%) with English proficiency","Percentage (%) with English proficiency","Percentage (%) with Maths proficiency","Percentage (%) with Maths proficiency","Percentage (%) with Maths proficiency","Percentage (%) with English proficiency","Percentage (%) with Maths proficiency","Percentage (%) with English proficiency","Percentage (%) with Maths proficiency","Percentage (%) with English proficiency","Percentage (%) with Maths proficiency","Percentage (%) with English proficiency","Percentage (%) with Maths proficiency","Percentage (%) with English proficiency","Percentage (%) with Maths proficiency","Percentage (%) with English proficiency","Percentage (%) with Maths proficiency","Percentage (%) with English proficiency","Percentage (%) with Maths proficiency","Percentage (%) with English proficiency","Percentage (%) with English proficiency","Percentage (%) with English proficiency","Percentage (%) with Maths proficiency","Percentage (%) with Maths proficiency","Percentage (%) with Maths proficiency","Percentage (%) with English proficiency","Percentage (%) with English proficiency","Percentage (%) with English proficiency","Percentage (%) with Maths proficiency","Percentage (%) with Maths proficiency","Percentage (%) with Maths proficiency","Percentage (%) with English proficiency","Percentage (%) with English proficiency","Percentage (%) with English proficiency","Percentage (%) with Maths proficiency","Percentage (%) with Maths proficiency","Percentage (%) with Maths proficiency","Percentage (%) with English proficiency","Percentage (%) with English proficiency","Percentage (%) with English proficiency","Percentage (%) with Maths proficiency","Percentage (%) with Maths proficiency","Percentage (%) with Maths proficiency","Percentage (%) with English proficiency","Percentage (%) with English proficiency","Percentage (%) with English proficiency","Percentage (%) with Maths proficiency","Percentage (%) with Maths proficiency","Percentage (%) with Maths proficiency","Percentage (%) with English proficiency","Percentage (%) with English proficiency","Percentage (%) with English proficiency","Percentage (%) with Maths proficiency","Percentage (%) with Maths proficiency","Percentage (%) with Maths proficiency","Percentage (%) with English proficiency","Percentage (%) with English proficiency","Percentage (%) with English proficiency","Percentage (%) with Maths proficiency","Percentage (%) with Maths proficiency","Percentage (%) with Maths proficiency","Percentage (%) with English proficiency","Percentage (%) with English proficiency","Percentage (%) with English proficiency","Percentage (%) with Maths proficiency","Percentage (%) with Maths proficiency","Percentage (%) with Maths proficiency","Percentage (%) with English proficiency","Percentage (%) with English proficiency","Percentage (%) with English proficiency","Percentage (%) with Maths proficiency","Percentage (%) with Maths proficiency","Percentage (%) with Maths proficiency","Percentage (%) with English proficiency","Percentage (%) with English proficiency","Percentage (%) with English proficiency","Percentage (%) with Maths proficiency","Percentage (%) with Maths proficiency","Percentage (%) with Maths proficiency","Percentage (%) with English proficiency","Percentage (%) with Maths proficiency","Percentage (%) with English proficiency","Percentage (%) with Maths proficiency","Percentage (%) with English proficiency","Percentage (%) with Maths proficiency","Percentage (%) with English proficiency","Percentage (%) with Maths proficiency","Percentage (%) with English proficiency","Percentage (%) with English proficiency","Percentage (%) with English proficiency","Percentage (%) with Maths proficiency","Percentage (%) with Maths proficiency","Percentage (%) with Maths proficiency","Percentage (%) with English proficiency","Percentage (%) with English proficiency","Percentage (%) with English proficiency","Percentage (%) with Maths proficiency","Percentage (%) with Maths proficiency","Percentage (%) with Maths proficiency","Percentage (%) with English proficiency","Percentage (%) with English proficiency","Percentage (%) with English proficiency","Percentage (%) with Maths proficiency","Percentage (%) with 