{"data":{"Value":[0.895854088,1.280828203,0.67408268,0.720059924,0.78805838,0.811722615,0.827579761,0.784124993,0.583590061,0.56663505,0.580325611,0.549304338,0.507381298,0.502651513,0.452907296,0.436081619],"Year":[2000,2001,2002,2003,2004,2005,2006,2007,2008,2009,2010,2011,2012,2013,2014,2015]},"edges":[]}