{"data":{"Value":[91.4171738,90.9051151,93.34935697,84.05678308,93.8070409,93.0,93.0,87.30004215,91.10335842,90.9759075,93.36334798,93.25661057,85.24538468,93.27386759,92.85629659,92.53533536,85.93057961,91.273284,90.27881918,83.66101875,93.63020883,93.2360133,84.55129169,92.64305327,92.24783259,86.99647134,92.03012645,91.20297901,91.26504182,93.8541566,91.85010478,84.8685534,92.52802928,90.93861779,88.85625161,93.61114579,92.68207941,92.85053568,95.29378549,94.2018942,88.18380975,94.03672967,93.12908968,91.00956457,94.15002676,93.38698033,93.58356077,95.97626157,94.77500746,89.12585847,94.69937551,94.18965667,91.92187535,94.66758771,93.89373941,94.21624907,96.14239132,94.87619042,91.24827838,95.37022705,94.87876837,92.89776421,94.74058167,93.88998706,94.42945911,96.2984827,95.14581977,92.32239752,95.80783559,95.39441887,93.8748894,94.33724759,94.07369096,96.13803071,92.65428665,95.60094474,94.10716197,94.22824602,93.88439299,95.74408419,92.29,95.55512959,94.37289582,93.55915265,93.45012874,95.24251125,91.91506347,95.57022911,94.79622532,93.40648938,93.51482605,89.64222706,95.14597013,91.60637891,95.59192832,95.00111061],"Age":[1,1,2,2,5,5,5,5,1,1,2,2,2,5,5,5,5,1,1,1,2,2,2,5,5,5,1,1,1,2,2,2,5,5,5,1,1,1,2,2,2,5,5,5,1,1,1,2,2,2,5,5,5,1,1,1,2,2,2,5,5,5,1,1,1,2,2,2,5,5,5,1,1,2,2,5,5,1,1,2,2,5,5,1,1,2,2,5,5,1,1,1,2,2,5,5],"Year":[2006,2006,2006,2006,2006,2006,2006,2006,2007,2007,2007,2007,2007,2007,2007,2007,2007,2008,2008,2008,2008,2008,2008,2008,2008,2008,2009,2009,2009,2009,2009,2009,2009,2009,2009,2010,2010,2010,2010,2010,2010,2010,2010,2010,2011,2011,2011,2011,2011,2011,2011,2011,2011,2012,2012,2012,2012,2012,2012,2012,2012,2012,2013,2013,2013,2013,2013,2013,2013,2013,2013,2014,2014,2014,2014,2014,2014,2015,2015,2015,2015,2015,2015,2016,2016,2016,2016,2016,2016,2017,2017,2017,2017,2017,2017,2017],"Vaccine":["Diphtheria, tetanus, polio, pertussis, haemophilus influenza b","Meningococcal group C","Meningococcal group C","Measles, mumps, rubella","Diphtheria, tetanus, polio","Pertussis","Haemophilus influenzae b","Measles, mumps, rubella","Diphtheria, tetanus, polio, pertussis, haemophilus influenza b","Meningococcal group C","Diphtheria, tetanus, polio, pertussis, haemophilus influenza b","Meningococcal group C","Measles, mumps, rubella","Diphtheria, tetanus, polio","Pertussis","Haemophilus influenzae b","Measles, mumps, rubella","Diphtheria, tetanus, polio, pertussis, haemophilus influenza b","Meningococcal group C","Pneumococcal disease","Diphtheria, tetanus, polio, pertussis, haemophilus influenza b","Meningococcal group C","Measles, mumps, rubella","Diphtheria, tetanus, polio","Haemophilus influenzae b","Measles, mumps, rubella","Diphtheria, tetanus, polio, pertussis, haemophilus influenza b","Meningococcal group C","Pneumococcal disease","Diphtheria, tetanus, polio, pertussis, haemophilus influenza b","Meningococcal group C","Measles, mumps, rubella","Diphtheria, tetanus, polio","Haemophilus influenzae b","Measles, mumps, rubella","Diphtheria, tetanus, polio, pertussis, haemophilus influenza b","Meningococcal group C","Pneumococcal disease","Diphtheria, tetanus, polio, pertussis, haemophilus influenza b","Meningococcal group C","Measles, mumps, rubella","Diphtheria, tetanus, polio","Haemophilus influenzae b","Measles, mumps, rubella","Diphtheria, tetanus, polio, pertussis, haemophilus influenza b","Meningococcal group C","Haemophilus influenzae b","Diphtheria, tetanus, polio, pertussis, haemophilus influenza b","Meningococcal group C","Measles, mumps, rubella","Diphtheria, tetanus, polio","Haemophilus influenzae b","Measles, mumps, rubella","Diphtheria, tetanus, polio, pertussis, haemophilus influenza b","Meningococcal group C","Pneumococcal disease","Diphtheria, tetanus, polio, pertussis, haemophilus influenza b","Meningococcal group C","Measles, mumps, rubella","Diphtheria, tetanus, polio","Haemophilus influenzae b","Measles, mumps, rubella","Diphtheria, tetanus, polio, pertussis, haemophilus influenza b","Meningococcal group C","Pneumococcal disease","Diphtheria, tetanus, polio, pertussis, haemophilus influenza b","Meningococcal group C","Measles, mumps, rubella","Diphtheria, tetanus, polio","Haemophilus influenzae b","Measles, mumps, rubella","Diphtheria, tetanus, polio, pertussis, haemophilus influenza b","Pneumococcal disease","Diphtheria, tetanus, polio, pertussis, haemophilus influenza b","Measles, mumps, rubella","Diphtheria, tetanus, polio","Measles, mumps, rubella","Diphtheria, tetanus, polio, pertussis, haemophilus influenza b","Pneumococcal disease","Diphtheria, tetanus, polio, pertussis, haemophilus influenza b","Measles, mumps, rubella","Diphtheria, tetanus, polio","Measles, mumps, rubella","Diphtheria, tetanus, polio, pertussis, haemophilus influenza b","Pneumococcal disease","Diphtheria, tetanus, polio, pertussis, haemophilus influenza b","Measles, mumps, rubella","Diphtheria, tetanus, polio","Measles, mumps, rubella","Diphtheria, tetanus, polio, pertussis, haemophilus influenza b","Pneumococcal disease","Rotavirus","Diphtheria, tetanus, polio, pertussis, haemophilus influenza b","Measles, mumps, rubella","Diphtheria, tetanus, polio","Measles, mumps, rubella"]},"edges":{"To":["Vaccine"],"From":["Age"]}}