{"data":{"Value":[30160.99101,32744.91773,36692.1732,41374.72615,48528.74304,57919.5752,74162.29921,89418.38276,101113.5394,111858.6753,117330.5948,120386.2338,127127.1325,133737.8667,140659.4777,145065.1845,149917.0847,151259.8301],"Year":[2000,2001,2002,2003,2004,2005,2006,2007,2008,2009,2010,2011,2012,2013,2014,2015,2016,2017]},"edges":[]}