{"data":{"Value":[3.400000095,94.59999847,27.0,64.0,3.599999905,97.99999857,0.699999988,99.19999695,31.5,66.19999695,1.5,99.89999694,0.300000012,99.69999695,38.70000076,60.20000076,0.800000012,99.99999696,0.920000017,99.08000183,38.22999954,60.68000031,0.170000002,100.0000018,0.790000021,99.20999908,43.45999908,55.65000153,0.100000001,99.99999911,0.649999976,99.34999847,42.88999939,56.36999893,0.090000004,99.99999845,3.1,96.9,46.9,49.9,0.1,99.99999714,3.0,97.0,47.7,49.3,0.0,100.0000019,99.5,49.9,49.6,0.0,99.5,1.5,98.5,100.0,100.0,56.9,43.0,0.1],"Treatment connection":["Independent","Public sewage","Public sewage","Public sewage","Public sewage",null,"Independent","Public sewage","Public sewage","Public sewage","Public sewage",null,"Independent","Public sewage","Public sewage","Public sewage","Public sewage",null,"Independent","Public sewage","Public sewage","Public sewage","Public sewage",null,"Independent","Public sewage","Public sewage","Public sewage","Public sewage",null,"Independent","Public sewage","Public sewage","Public sewage","Public sewage",null,"Independent","Public sewage","Public sewage","Public sewage","Public sewage",null,"Independent","Public sewage","Public sewage","Public sewage","Public sewage",null,"Public sewage","Public sewage","Public sewage","Public sewage",null,"Independent","Public sewage",null,"Public sewage","Public sewage","Public sewage","Public sewage"],"Year":[2000,2000,2000,2000,2000,2000,2001,2001,2001,2001,2001,2001,2002,2002,2002,2002,2002,2002,2003,2003,2003,2003,2003,2003,2004,2004,2004,2004,2004,2004,2005,2005,2005,2005,2005,2005,2008,2008,2008,2008,2008,2008,2009,2009,2009,2009,2009,2009,2010,2010,2010,2010,2010,2012,2012,2012,2014,2014,2014,2014],"Treatment type":[null,null,"Tertiary","Secondary","Primary",null,null,null,"Tertiary","Secondary","Primary",null,null,null,"Tertiary","Secondary","Primary",null,null,null,"Tertiary","Secondary","Primary",null,null,null,"Tertiary","Secondary","Primary",null,null,null,"Tertiary","Secondary","Primary",null,null,null,"Tertiary","Secondary","Primary",null,null,null,"Tertiary","Secondary","Primary",null,null,"Tertiary","Secondary","Primary",null,null,null,null,null,"Tertiary","Secondary","Primary"]},"edges":{"To":["Treatment type"],"From":["Treatment connection"]}}