{"data":{"Value":[56.03930404,57.6808606,56.83149101,56.28088086,56.81239361,55.94352147,56.53298419,57.14097651,56.38434164,57.87262817,58.55859979,57.77276276,57.31110592,57.39009501,55.9256617,56.07464354,56.29488377,56.53397021],"Year":[2000,2001,2002,2003,2004,2005,2006,2007,2008,2009,2010,2011,2012,2013,2014,2015,2016,2017]},"edges":[]}