{"data":{"Value":[23.07692308,15.38461538,15.38461538,15.38461538,15.38461538,30.76923077,30.76923077,23.07692308,23.07692308,15.38461538,38.46153846,38.46153846,30.76923077,30.76923077],"Year":[2000,2001,2002,2003,2004,2005,2006,2007,2008,2009,2010,2011,2012,2013]},"edges":[]}