{"data":{"Sex":[null,null,null,null,null,null,null,null,null,null,null,null,null,null,null,"Male","Male","Male","Male","Male","Male","Male","Male","Male","Male","Male","Male","Male","Male","Male","Female","Female","Female","Female","Female","Female","Female","Female","Female","Female","Female","Female","Female","Female","Female"],"Value":[13.15797843,13.13152971,13.02705721,13.72915228,14.17148855,13.81547901,13.92724206,15.26181684,15.33692745,16.12141761,15.5630879,14.76722064,13.31572591,12.28685787,11.80553869,11.07919026,10.72863521,10.70820438,11.77563558,12.32786104,11.81510103,11.87619849,13.79169096,13.74584093,15.0348211,14.56120613,13.67009947,12.0172714,11.07036138,11.3897565,15.25501797,15.553813,15.36366802,15.68840021,16.02212466,15.83079485,15.9846324,16.73466696,16.94366166,17.22649668,16.58848808,15.89485962,14.65557986,13.5454175,12.23759129],"Year":[2002,2003,2004,2005,2006,2007,2008,2009,2010,2011,2012,2013,2014,2015,2016,2002,2003,2004,2005,2006,2007,2008,2009,2010,2011,2012,2013,2014,2015,2016,2002,2003,2004,2005,2006,2007,2008,2009,2010,2011,2012,2013,2014,2015,2016]},"edges":[]}