{"data":{"Country of birth":[null,null,null,null,null,null,null,null,null,null,null,null,null,null,null,null,null,null,"Not recorded","Not stated or unknown","Eastern Africa","Northern Africa","Western Africa","Rest of Africa","United Kingdom","Western Asia","Rest of Asia","Rest of world","Not recorded","Not stated or unknown","Eastern Africa","Northern Africa","Western Africa","United Kingdom","Western Asia","Rest of Asia",null,null,null,null,null,null,null,null,null,null,null,null],"Value":[93.77800753,40.16998786,10.77204159,12.7895477,26.62387536,6.232652825,0.756564794,3.098312965,194.2209906,119.6403766,35.89926423,8.40271623,12.19287759,20.81013126,4.755579824,0.464831111,1.716299485,203.8820764,85.41976791,40.99860644,42.33160156,8.862616156,20.21108806,0.468349634,1.549156482,3.962958444,1.116833743,0.504376529,36.47136406,23.59911792,24.6718051,1.96659316,3.93318632,0.536343589,0.715124786,0.178781196,4.863630817,109.4857337,32.17201718,28.42522011,25.57909541,4.899657712,7.508810248,48.44970422,12.87224614,10.011747,11.62077776,1.609030767],"Age at which female genital mutilation occurred":["Not recorded","Did not say","Under 1","1 to 4","5 to 9","10 to 14","15 to 17","18 and over",null,"Not recorded","Did not say","Under 1","1 to 4","5 to 9","10 to 14","15 to 17","18 and over",null,null,null,null,null,null,null,null,null,null,null,null,null,null,null,null,null,null,null,null,null,null,null,null,null,null,null,null,null,null,null],"Year":[2015,2015,2015,2015,2015,2015,2015,2015,2015,2016,2016,2016,2016,2016,2016,2016,2016,2016,2015,2015,2015,2015,2015,2015,2015,2015,2015,2015,2016,2016,2016,2016,2016,2016,2016,2016,2015,2015,2015,2015,2015,2015,2016,2016,2016,2016,2016,2016]},"edges":[]}