{"data":{"Value":[2.259045628,2.267003304,2.316958095,2.332894814,2.444294479,2.444474486,2.444519246,2.530235779,2.603652841,2.995884634,3.231657915,5.922855852,7.745304722,11.34507024,12.66688198,21.46480463,21.48607592,24.50715105],"Year":[2000,2001,2002,2003,2004,2005,2006,2007,2008,2009,2010,2011,2012,2013,2014,2015,2016,2017]},"edges":[]}