Year,Value
2013,28.83320568
2013,22.28227861
2014,23.35884761
2014,16.82305094
2015,25.03221321
2015,17.51016211
