Year,Value
2010,31549.0146
2011,50964.53672
2012,36302.12669
2013,45021.57442
2014,138599.6377
2015,125670.3428
