Year,Value
2008,28.13361339
2009,29.48064891
2010,31.25007668
2011,32.75291638
2012,34.28647393
2013,35.576963299999996
2014,36.73528353
2015,37.91502602
2016,38.37074570000001
