Year,Value
2017,33.02076812
2016,31.73203899
2015,29.21684395
2014,30.50533451
2013,30.26765312
2012,30.30929642
2011,30.05450457
