Year,Value
2017,27.16659634
2016,40.38863643
2015,27.381343599999997
2014,27.25996842
2013,53.10836564
2012,26.59864966
