Year,Value
2016,4692.245472
2015,4194.240516
2014,4340.772298
2013,3902.461092
2012,3739.392512
2011,3757.5511460000002
