Year,Value
2010,5.6
2011,5.4
2012,5.1
2013,5.32514922109747
2014,5.14127362275645
2015,4.72139878293986
2016,5.28964324267595
