Year,Value
2000,98.79878354
2001,98.9155769
2002,99.02199372
2003,99.04331161
2004,99.06319955
2005,99.00970322
2006,99.02483518
2007,98.98995298
2008,98.92432198
2009,98.89798451
2010,98.79151859
2011,98.78705169
2012,98.82257285
2013,98.95360176
2014,98.75293518
2015,98.86638431
2016,98.88334398
