Year,Value
2011,782.7536832000001
2012,776.6433043
2013,825.4163619
2014,955.7444075
2015,1131.54587
2016,1449.044819
