Year,Value
2002,86.82016775
2003,86.84763739
2004,86.95242873
2005,86.2529216
2006,85.81575427
2007,86.18343569
2008,86.08227503
2009,84.7470392
2010,84.66974344
2011,83.88317632
2012,84.44317779999999
2013,85.23457111
2014,86.69089763
2015,87.71856448
2016,88.19660551
