Year,Value
2013,1.59794258
2014,1.114814502
2015,0.621918341
2016,0.8221822440000001
