Year,Value
2007,15.21548751
2008,12.53562544
2009,12.84923828
2010,13.065750999999999
2011,10.38159061
2012,10.56431991
2013,9.453137553
2014,8.994253585
2015,9.675933036
