Year,Value
2012,70.49394939
2013,71.24689955
2014,73.66671534
2015,74.74229571
