Year,Value
2010,5.6
2011,5.4
2012,5.1
2013,5.325149221
2014,5.141273623
2015,4.721398783
