Year,Value
2015,194.2209906
2016,203.8820764
