Year,Value
2016/17,1.3770353569999998
2015/16,1.0800303009999999
2014/15,0.9149840020000001
2013/14,0.781060285
2012/13,0.7467853259999999
2011/12,0.7788370659999999
