Year,Value
2001,1.65513
2002,1.6409799999999999
2003,1.58775
2004,1.55126
2005,1.60251
2006,1.57958
2007,1.6131799999999998
2008,1.62026
2009,1.68692
2010,1.66448
2011,1.68596
2012,1.62724
2013,1.66795
2014,1.66877
2015,1.68878
2015,0.24456484
