Year,Value
2013,28.83320568
2014,23.35884761
2015,25.03221321
