Year,Value
2004,8.650739326
2005,9.225465239
2006,8.697371257
2008,6.987348133999999
2009,7.364374097000001
2010,7.408327936
2011,6.88364895
2012,6.658768427999999
2013,6.793446766000001
2014,6.475845062
2015,6.2308803
