Year,Value
2004,4.33687154
2005,4.3566528710000005
2006,4.342622541
2008,3.335741212
2009,3.170518102
2010,3.136850639
2011,3.396725371
2012,3.151287646
2013,2.538849116
2014,2.537807333
2015,2.183250305
