Year,Value
2001,12.25048436
2002,12.30872933
2004,12.41435526
2005,12.45683781
2006,12.49128449
2007,12.53705249
2008,12.5666255
2009,12.59207691
2010,12.61307502
2011,12.64637078
2012,12.82439415
2013,12.88548495
2014,12.96032759
2015,13.00377085
2016,13.02950764
2017,13.05315541
