Year,Value
2002,13.17983225
2003,13.15236261
2004,13.04757127
2005,13.747078400000001
2006,14.18424573
2007,13.81656431
2008,13.91772497
2009,15.2529608
2010,15.33025656
2011,16.11682368
2012,15.556822199999997
2013,14.76542889
2014,13.30910237
2015,12.28143552
2016,11.80339449
