Year,Value
2008,4.27828765
2009,3.753583733
2010,3.0353970319999997
2011,3.097095525
2012,2.82866337
2013,2.761064929
2014,2.870111213
2015,2.7706957460000003
2016,2.833288397
