Year,Value
2000,0.35454665399999996
2001,0.354158927
2002,0.336302365
2003,0.336317979
2004,0.332059352
2005,0.324682213
2006,0.312819067
2007,0.30303587
2008,0.295215572
2009,0.275047494
2010,0.278345271
2011,0.26337722
2012,0.263526395
2013,0.253074459
2014,0.23233451100000002
2015,0.218255363
