Year,Value
2004.0,4.33687154
2005.0,4.3566528710000005
2006.0,4.342622541
2008.0,3.335741212
2009.0,3.170518102
2010.0,3.136850639
2011.0,3.396725371
2012.0,3.151287646
2013.0,2.538849116
2014.0,2.537807333
2015.0,2.183250305
