Year,Value
2000,3.5135626230000003
2001,3.467934295
2002,3.2763026460000004
2003,2.8874837139999996
2004,2.76895567
2005,2.9033342
2006,2.890159156
2007,2.524498892
2008,2.215975078
2009,2.401201404
2010,2.805949697
2011,2.649912855
2012,2.163095518
2013,2.3414454559999998
2014,2.45522998
2015,2.1502073409999998
2016,2.464656251
