Year,Value
2009,35.99519941
2010,36.18622805
2011,36.6722315
2012,36.48168909
2013,36.58831181
2014,34.72543754
2015,35.16716447
2016,34.94675702
