Year,Value
2009,15458.77
2010,12554.137429999999
2011,8557.199422
2012,21928.57705
2013,16571.754419999997
2014,17590.2991
2015,71034.01759
