Year,Value
2000,97.99999857
2001,99.89999694
2002,99.99999696
2003,100.00000179999999
2004,99.99999911
2005,99.99999845
2008,99.99999714
2009,100.00000190000002
2010,99.5
2012,100.0
