Year,Value
2016,18.96035072
2015,17.86442943
2014,17.4683266
2013,17.17017364
2012,16.83633938
2011,16.50955754
