Year,Value
2000,0.813175828
2001,0.631252842
2002,0.5533715610000001
2003,0.438680061
2004,0.377518032
2005,0.413049206
2006,0.50306855
2007,0.558501891
2008,0.485649341
2009,0.654763367
2010,0.5741648570000001
2011,0.645470812
2012,0.841788317
2013,1.928381356
2014,2.2526715790000003
2015,2.544507112
2016,2.8364404039999997
