Year,Value
2004,11.07805108
2005,11.4939994
2006,11.03047183
2008,8.884717246000001
2009,9.236445747000001
2010,9.052097107
2011,9.050378129
2012,8.783299284
2013,8.465077319
2014,8.16539028
2015,7.709673219
