Year,Value
2013,270.1537182
2014,264.5111304
2015,265.7630681
