Year,Value
2014,0.44390401399999996
2015,0.286408325
2016,0.448657585
