Year,Value
2010,169865.2489
2011,71552.95062
2012,63305.52157999999
2013,95959.45937000001
2014,45310.4493
2015,81993.2527
