Year,Value
2008,38.73383991
2009,35.18234277
2010,31.233
2011,29.55
2012,28.693
2013,27.66556603
2014,25.45999225
2015,23.004483999999998
