Year,Value
2000,49.39525181
2001,50.96021796
2002,50.28062128
2003,49.89591652
2004,50.31558876
2005,49.78692803
2006,50.33486284
2007,50.84718186
2008,50.37943563
2009,51.98145058
2010,51.8368835
2011,50.7751388
2012,50.40234983
2013,50.41219843
2014,49.11614306
2015,49.25016029
2016,49.34687998