year,healthworker_density,healthworker_dist
2007,,
2008,,
2009,,
2010,4.108198642,4.435708(2.251444)
2011,4.220517055,4.551183(2.326877)
2012,4.366281292,4.702347(2.42134)
2013,4.522697153,4.865181(2.522589)
2014,4.667198,5.014774(2.615357)
2015,,
2016,,
2017,,