Year,Value
2000,2.2590456283929123
2001,2.267003304019549
2002,2.316958094555245
2003,2.3328948138013783
2004,2.4442944793023225
2005,2.444474485740624
2006,2.4445192464260113
2007,2.53023577940036
2008,2.6036528414860776
2009,2.9958846336752463
2010,3.2316579148680886
2011,5.922855851538608
2012,7.745304722494549
2013,11.345070239534099
2014,12.66688197685138
2015,21.464804629285496
2016,21.486075918116505
2017,24.507151051199134
