year,labor_share_ofgdp
2007,0.61049
2008,0.61505
2009,0.60290
2010,0.59523
2011,0.59984
2012,0.60202
2013,0.60011
2014,0.60360
2015,
2016,
2017,