Year,Value
2000,56.03930404
2001,57.6808606
2002,56.83149101
2003,56.28088086
2004,56.81239361
2005,55.94352147
2006,56.53298419
2007,57.14097651
2008,56.38434164
2009,57.87262817
2010,58.55859979
2011,57.77276276
2012,57.31110592
2013,57.39009501
2014,55.9256617
2015,56.07464354
2016,56.29488377
2017,56.53397021