Year,Value
2000,23.076923076923077
2001,15.384615384615385
2002,15.384615384615385
2003,15.384615384615385
2004,15.384615384615385
2005,30.76923076923077
2006,30.76923076923077
2007,23.076923076923077
2008,23.076923076923077
2009,15.384615384615385
2010,38.46153846153846
2011,38.46153846153846
2012,30.76923076923077
2013,30.76923076923077
